<?xml version="1.0" encoding="UTF-8"?>
<beans xmlns="http://www.springframework.org/schema/beans"
	xmlns:xsi="http://www.w3.org/2001/XMLSchema-instance"
	xmlns:context="http://www.springframework.org/schema/context"
	xsi:schemaLocation="http://www.springframework.org/schema/beans http://www.springframework.org/schema/beans/spring-beans-4.3.xsd
		http://www.springframework.org/schema/context http://www.springframework.org/schema/context/spring-context-4.3.xsd">
<bean id="employeeList" class="com.cg.entity.Employee">
	<property name="empList">
		<list>
			<ref bean="employee1"/>
			<ref bean="employee2"/>
		</list>
	</property>
</bean>
<bean id="employee1" class="com.cg.entity.Employee">
	<property name="employeeId" value="12346"/>
	 <property name="employeeName" value="Pradnya"/>
	 <property name="employeeSalary" value="40500.0"/>
	 <property name="employeeBu" value="PES-BU"/>
	 <property name="employeeAge" value="22"/> 
</bean>
<bean id="employee2" class="com.cg.entity.Employee">
	<property name="employeeId" value="12347"/>
	 <property name="employeeName" value="Polo"/>
	 <property name="employeeSalary" value="30000.0"/>
	 <property name="employeeBu" value="PES-BU"/>
	 <property name="employeeAge" value="25"/> 
</bean>

</beans>
